site,abs_diffsel,positive_diffsel,negative_diffsel,max_diffsel,min_diffsel
431,52.077563422175054,50.92730717069651,-1.15025625147854,7.46068128663817,-1.15025625147854
323,47.92769553272669,47.28533701812015,-0.6423585146065326,8.05515460056445,-0.6423585146065326
627,45.390920889431975,37.9485534932751,-7.4423673961568735,4.7405194288616235,-2.7610556471888237
357,45.11441408739712,43.552395350942945,-1.5620187364541769,6.560157443473679,-0.6504506509703956
337,40.89713600535951,40.89713600535951,0.0,9.14583632643071,0.0
196,36.67564855269482,32.458137586279314,-4.217510966415494,5.389067245507765,-1.2015773403923842
339,33.934388094124735,0.6863671382445506,-33.248020955880186,0.6863671382445506,-4.971415751802819
376,31.98371783040057,31.98371783040057,0.0,8.260258764042957,0.0
677,30.554713124359118,24.030132458404374,-6.5245806659547405,8.700020297425322,-2.3919223914543686
69,29.748676518947093,6.648230521976628,-23.100445996970468,2.7213088292958667,-3.387150320035418
611,28.95787275313145,19.959780924010094,-8.998091829121357,4.106798754875825,-4.2005328012062035
700,28.384576224726214,10.879564883215966,-17.505011341510244,4.721362241461693,-3.38713047303936
302,27.659327277914763,27.659327277914763,0.0,5.7455713775209,0.0
215,27.40165348581324,5.061282700705686,-22.340370785107556,2.995028771635038,-3.586883112968973
588,27.400869927949753,17.980037790815114,-9.420832137134637,4.8620786226708645,-3.862034470632478
74,27.263237664419414,24.071099752637203,-3.192137911782212,7.586813401696716,-2.2853549146063945
451,27.072356004909416,9.389620133213363,-17.682735871696053,7.7812415924903755,-4.193578892730903
195,26.84586568942182,18.81561872878624,-8.030246960635584,4.708542493686891,-3.141859500969778
342,26.458803304897437,10.723585963150231,-15.735217341747203,2.7746672667075916,-2.884149685548907
309,26.050347107266052,10.27902708009063,-15.77132002717542,5.909356881168695,-4.588935121066734
447,25.617715362379524,19.860283559548318,-5.757431802831206,5.368605934926804,-1.9248653843775911
514,25.171918760410314,22.77247160376991,-2.399447156640405,7.065629773751948,-2.074090968618213
532,25.048892727115202,4.461492022807837,-20.587400704307367,2.3301457462344275,-4.4323734112126
391,24.768075810351196,9.247321082719472,-15.520754727631719,5.298579010428539,-4.320513656078824
304,24.745919001238963,18.85777564883036,-5.888143352408604,5.9020306176986335,-2.4806053614359325
188,24.35834476713892,18.582094086784764,-5.7762506803541545,3.794574220754594,-3.7259049796281887
146,24.157869406206807,14.403054801980987,-9.754814604225821,5.607592265369934,-2.9428609665292353
464,24.049091189087278,15.012065585765123,-9.03702560332215,6.885670942240162,-2.142150907914355
192,23.53788285704628,22.104741789964407,-1.4331410670818752,5.647052585447423,-1.4331410670818752
715,22.94994965055496,16.997816466544904,-5.952133184010055,3.7671476999315026,-2.5334120998600085
473,22.61767111972921,7.959058917234476,-14.658612202494734,2.2431230911861793,-3.5448755449944085
674,22.407742459522222,14.122441320963624,-8.285301138558596,4.5871238429632335,-3.627774499956174
471,22.197596719898378,5.141637058669395,-17.055959661228982,1.3066721985093532,-4.94691580588947
409,22.03212440223881,8.69405980964887,-13.338064592589946,1.9661648581180073,-5.49259070172707
411,21.965437313016277,19.466258176256094,-2.4991791367601848,8.980288590946401,-1.2847516783949422
194,21.755345448589157,9.873360341015646,-11.881985107573515,2.3547754408418173,-3.539456838195472
490,21.7191844715427,12.741883635367097,-8.977300836175605,4.210087484412085,-4.087069084318008
256,21.28415790297967,19.31949011200824,-1.964667790971426,6.8697004137249955,-0.9882930380333992
300,21.12490472278221,15.180141129633084,-5.944763593149129,4.478801756106969,-1.41111416430142
22,20.269451475822102,3.8527311181592583,-16.416720357662847,2.828191595490391,-4.013473430979844
169,20.083552752981046,5.295657277737332,-14.787895475243715,2.487949732500794,-3.163764685152743
39,19.727809773599084,12.349560742886048,-7.3782490307130315,6.096784989283898,-2.132587478351956
683,19.720091313458468,8.127072638469825,-11.593018674988645,3.502955999386527,-3.038600643768927
590,19.708146885356513,13.847734929502403,-5.860411955854111,4.330597900219658,-3.699104988250512
355,19.6293775258375,2.5360987955456706,-17.09327873029183,1.1733291153407905,-6.495072300563244
9,19.6131588121117,11.314393365530043,-8.298765446581658,2.3894760903869363,-1.9254333136295831
82,19.511786938113385,5.425121403562745,-14.08666553455064,2.188565145388927,-3.4841258002637647
525,19.50724115374672,2.7089604261483355,-16.798280727598385,2.1816624562429827,-3.460979751011796
684,19.427610543830895,3.302355529924822,-16.12525501390607,1.6759376333088423,-3.872257035726779
701,19.254270425790157,15.862181729334738,-3.3920886964554193,4.564129066931308,-1.1129438125197335
702,19.19572831270269,4.070251661527786,-15.125476651174903,1.8473253634678322,-2.8146730249865377
152,19.11206095306929,10.073209687997217,-9.038851265072077,4.528685031024899,-2.6972165701897066
112,19.09471141283468,3.5241199547371407,-15.570591458097542,1.730186314258456,-3.8080370735302997
65,18.9895950586591,9.281254526281511,-9.708340532377587,5.422318780181986,-2.610348854631262
320,18.690071275487785,15.951558635271123,-2.738512640216666,5.3341658619841,-1.9976884113435698
360,18.652448002912347,15.025653177841647,-3.626794825070701,5.15784406951702,-2.427490084086536
448,18.456503122956715,5.4070936248312025,-13.049409498125506,2.6262617107424733,-2.6413438118815233
392,18.268717140396248,9.259904297567086,-9.008812842829164,3.7216193039277092,-2.873594903170785
271,18.238879187519917,10.949870509204928,-7.289008678314987,4.527720098119258,-1.997165963297206
524,18.181320931234332,12.191238454479425,-5.990082476754905,3.2555508842673992,-1.989762589780702
416,17.91958335625509,12.406519274799686,-5.513064081455406,5.2026546177322865,-2.8642360638044786
81,17.74865181610487,8.556942947232685,-9.191708868872185,2.1399139598453574,-1.925811518028854
507,17.725548947564565,7.237977655954935,-10.487571291609626,4.225465304141185,-3.5962574576005566
104,17.72477745567421,11.522110090999858,-6.202667364674353,2.118328938649296,-2.517566745920811
170,17.59728474593767,4.8844116196920115,-12.71287312624566,4.735738635865042,-2.2000030054634148
187,17.534652007903777,8.49433156985661,-9.040320438047168,4.081417591511156,-3.0655320526936967
648,17.440208286806808,2.88936215450235,-14.550846132304457,1.8237364593610998,-3.037251331284141
453,17.432675102978635,5.235891659203418,-12.196783443775221,3.7365399410680307,-3.6610710280195455
559,17.212392323292743,2.8536227204440463,-14.358769602848692,2.0291890752764314,-2.8195536628286266
343,17.21146441267977,7.281915517886459,-9.929548894793315,3.723356668024258,-2.825049841782114
375,17.204542683849052,4.69502340357694,-12.509519280272116,2.9049681895640793,-3.0809255322054083
64,17.158388566437257,3.2271820432632814,-13.931206523173971,1.1454084738669152,-2.9709050253029985
12,17.1268883551897,11.51883395316783,-5.608054402021871,3.7082481652190116,-1.1358055060147838
303,17.114725081026027,14.214389243847112,-2.900335837178909,3.0690328689974606,-1.4505757359794984
249,17.05812015707059,10.574476563935699,-6.4836435931348895,5.517459114247292,-1.494741875691901
248,16.98926707000227,8.08678782632955,-8.90247924367272,3.701038196615455,-2.897720699077921
109,16.89711064456055,6.351782365664718,-10.54532827889583,1.9629618679237262,-3.599961395987006
68,16.849849784086118,4.857916417227144,-11.991933366858975,3.5183421829907715,-2.887794039688114
203,16.833146996112696,2.022332331521648,-14.810814664591048,1.9642810055365671,-2.8331014630598816
393,16.74954634469151,13.63358480565647,-3.1159615390350393,4.448616588750097,-1.610547679178669
397,16.744830471547093,8.23556523201808,-8.509265239529013,7.198714600904665,-4.055559769371941
521,16.610707592170222,7.127885581146126,-9.482822011024094,3.3968129820357413,-2.3190537509820737
73,16.381417760023748,7.540934562593344,-8.840483197430405,2.822553759306998,-1.832889179265136
77,16.373833575622903,10.396621922291674,-5.977211653331228,3.537352314917758,-1.9253484903912816
75,16.361515206716945,7.631619577898063,-8.72989562881888,2.862369902719853,-2.380036593789529
62,16.319446977732124,4.71089992874863,-11.608547048983489,1.9381938286631173,-4.000572787831426
613,16.204189009726726,9.994674040946382,-6.20951496878034,2.3452176864036023,-2.4828797753237644
676,16.15172009150495,8.069878848671918,-8.08184124283303,3.243846213091649,-2.45242220699712
255,16.052413751791082,11.618740601872128,-4.433673149918955,3.059511991087491,-1.5950757640778628
380,15.955179648113038,11.815919488304159,-4.139260159808881,5.331431081943975,-2.3613599318939866
199,15.772262592603573,2.0929048407180995,-13.679357751885474,0.43571134324867206,-3.4874341283136454
668,15.728699709402594,11.428292976331207,-4.300406733071391,3.1085016933225287,-1.6841778675388515
510,15.64047189243982,13.342144369949867,-2.2983275224899504,6.255265635706624,-1.0731161888899947
87,15.523545236710598,7.904048685343456,-7.619496551367139,6.265448236958325,-3.2260898210839586
368,15.433169098205504,5.348048245190859,-10.085120853014644,2.5447282905052213,-2.75164685184218
61,15.370463060588397,3.817401852191381,-11.553061208397017,1.6290963197302615,-3.0016590591307413
472,15.334170756082468,9.983128185932852,-5.351042570149617,4.307943128512124,-1.998742043281888
60,15.296626431730479,7.659406728605096,-7.637219703125381,3.6156694269488936,-2.3830937456286163
293,15.295732842994905,4.369726698562924,-10.92600614443198,2.115393191270106,-2.379438825988765
709,15.284072544778688,2.894867763212453,-12.389204781566235,1.1092168994974518,-4.7187102717939124
274,15.252882723610123,8.819201162318944,-6.43368156129118,3.6001228104843412,-1.6093054219867624
382,15.193861064810655,10.17618588917898,-5.017675175631675,2.707459238025995,-2.064480504299129
654,15.180863489934843,2.7308628347406874,-12.450000655194156,2.2981120906884436,-4.453989485232356
190,15.174348939062767,3.9691776486989836,-11.205171290363785,2.3469602297723235,-2.4902857867933474
338,15.131255306968985,3.487842949967049,-11.643412357001935,1.3837884137343268,-2.5428320660951114
430,15.12817717544138,6.816852826332114,-8.311324349109267,2.138132021944747,-2.737593093503657
6,14.978355215320919,5.079238527648193,-9.899116687672727,1.876461225945147,-3.4596929428721217
89,14.961957079784352,6.507295246098584,-8.454661833685767,1.7995637929382706,-2.7842351906148592
573,14.853469021988928,7.226759295404511,-7.6267097265844175,4.2048255480903585,-4.732047053611184
522,14.853117309355314,8.976228125094659,-5.876889184260657,3.4570557316391186,-1.7640039327267878
183,14.79725273028279,1.8610487588083335,-12.936203971474457,1.193584968814502,-3.2968674837008867
158,14.796789351119738,10.332179487013835,-4.464609864105901,2.498006681340062,-2.806344698307159
53,14.69500253303932,8.049805686985243,-6.645196846054077,2.3069857150755686,-1.77881801879515
377,14.678218076772803,11.006404197732879,-3.6718138790399233,2.9171141408136214,-2.460826599537941
444,14.658875056387815,1.9181102091558713,-12.740764847231944,0.750210689644375,-3.5947772062380263
675,14.629879664725543,5.415794986694556,-9.214084678030993,3.2432588138721035,-1.9070157529081713
224,14.611050580398484,3.55224411946038,-11.0588064609381,1.5955175509779065,-3.666771746124437
175,14.531356427297037,4.112735318387354,-10.418621108909687,1.7014850214080437,-2.9161641597261836
179,14.499968519007613,9.108928689041319,-5.391039829966295,1.9522671562313616,-2.418819692010966
123,14.492122459853752,9.94855815009026,-4.5435643097634895,5.150866111233971,-1.7270642514370433
511,14.30691604912653,10.927437936086086,-3.379478113040444,4.387586178378494,-1.136295122794434
491,14.276271999601576,9.646251918610778,-4.630020080990796,5.871523753633163,-3.12310542122556
657,14.259108835985229,6.153515754284646,-8.105593081700581,4.597762719144048,-2.8174139252652215
400,14.242278128473806,11.417150515021246,-2.8251276134525587,7.281769493113835,-1.4531525215118948
628,14.224303197799037,4.474064532125439,-9.7502386656736,2.862298925788427,-1.321242151420011
107,14.035296749690536,4.0102355384361035,-10.025061211254432,3.038128439031287,-1.7671791709728395
251,13.916005390232822,10.103721876913454,-3.812283513319367,3.442029917504951,-1.3423850862123592
566,13.888410869962314,4.092740435386765,-9.79567043457555,1.5146030288136567,-3.212776119524057
731,13.804604806527431,2.6687469710584875,-11.135857835468945,2.059261899403962,-3.5068670644273117
105,13.780579089423282,0.7633861669243384,-13.017192922498946,0.4107416752022268,-2.3809003762709517
680,13.762728848575554,4.223007293913392,-9.53972155466216,1.5847383372180128,-2.8533232732958567
714,13.738115893220495,10.440013055656136,-3.298102837564361,4.154784107730425,-1.4987312439449902
582,13.725397932566752,5.158436022302888,-8.566961910263863,2.5519651649325716,-3.9640166281292606
554,13.674545884336837,3.87576524601757,-9.798780638319265,2.310593324811769,-3.104742218869896
258,13.639319052518045,10.381281207828765,-3.2580378446892784,6.361943469128559,-2.0734430100621215
31,13.60123276949212,9.713594877249866,-3.887637892242253,4.28807886262989,-1.9162913079424362
117,13.58986195023306,5.373336711888344,-8.216525238344715,2.9534180588995347,-2.2295312442493476
333,13.56760053341147,12.687465074427143,-0.8801354589843275,5.5083897693401465,-0.4830580004597838
607,13.537788794325625,6.052042940152172,-7.48574585417345,4.281816795627363,-2.201197168531119
662,13.452188338733562,6.228376847006061,-7.223811491727499,3.567875203795639,-2.6784884041978425
655,13.373718701875786,4.981952579186835,-8.39176612268895,2.260623474030417,-3.308783707298954
468,13.23814955241247,11.742543467050814,-1.495606085361657,5.696130093397188,-1.086160948835368
40,13.235143065149563,6.790485891568077,-6.4446571735814855,5.537318492283671,-3.559671027090621
113,13.233786411206925,6.28180978504831,-6.951976626158616,3.79695159312184,-2.250269105478525
671,13.15491032427245,2.7774055191579747,-10.377504805114473,1.958342315244195,-2.853627420042299
227,13.131093222197286,4.838393164902764,-8.292700057294521,3.3402720841413114,-4.444465758024412
156,13.112273984394086,5.064988902452505,-8.047285081941581,1.6668974023953638,-2.0001377470088046
527,13.091549491429028,0.29584567319434407,-12.795703818234681,0.21370005649457066,-3.486874578009591
106,13.052855542618866,3.630014677975229,-9.422840864643636,1.0890565700770318,-1.6410439625878706
322,13.006328364929015,1.9326078634313755,-11.07372050149764,1.1808585818380062,-3.806670205139026
292,12.877715702884707,3.6716846385955693,-9.206031064289139,1.8864644953389071,-2.898227386174124
176,12.86623112710746,4.1189830726495344,-8.747248054457927,2.3075621080932893,-2.3461741769216014
340,12.784293291262568,0.5576729797386156,-12.226620311523952,0.39896225161093224,-2.6259829760885123
214,12.758907653000861,6.933095160625909,-5.825812492374952,3.173774155373183,-1.5392102275456605
698,12.704511058491244,5.003378333493156,-7.701132724998088,4.26587149082715,-2.580326840385194
659,12.701152955298877,6.566920100440655,-6.134232854858219,2.8365679299647155,-1.9994082945669305
160,12.566006267147166,8.415959260359086,-4.150047006788079,2.2005976478347717,-1.8599519297179976
455,12.50972074138722,8.065469763395171,-4.444250977992047,4.573403708092284,-2.988021758169284
601,12.335231926708921,1.3284560054740082,-11.006775921234912,0.9176334055945918,-3.6126124654482403
29,12.287563731264248,1.9298013151086635,-10.357762416155584,1.2775885198305161,-2.4222840320905226
155,12.238913752122924,7.203361978961103,-5.035551773161822,1.962366061734006,-1.858250245978226
563,12.206187196468976,5.659519673351823,-6.546667523117153,2.442847781316166,-3.807785020131234
116,12.090365485430004,3.0100767072613537,-9.08028877816865,1.4402830259175983,-2.5493550367317095
299,12.085722613721844,5.462622828602553,-6.623099785119291,2.216404514015339,-3.565855844191759
150,11.98051991237666,6.852497401830331,-5.128022510546329,3.4308575049675314,-1.9315951715351125
185,11.940826781503754,5.977194995600215,-5.963631785903543,2.753318836497616,-1.4626210175298324
497,11.935634758562383,5.9352407008916845,-6.000394057670696,1.5744248707582404,-2.0002582796416464
678,11.909634244335559,5.188022825004672,-6.721611419330887,2.1694731922340695,-2.073459166345859
153,11.906003128164834,6.4357300575007255,-5.4702730706641045,2.901815982149923,-4.667520469878734
21,11.806833103962056,2.2994148750829373,-9.507418228879118,0.8180479516970668,-2.7659484860957417
666,11.790017016831639,5.5618117053977265,-6.228205311433912,3.542174683383147,-3.0586207889532027
149,11.778797019755942,11.778797019755942,0.0,5.372877955952071,0.0
707,11.760203064508715,3.6138876272345297,-8.146315437274184,2.771012470114767,-2.504105362507862
556,11.743379319465163,2.3264701322775925,-9.41690918718757,0.5943823838801741,-2.378989431461736
182,11.697257110565015,4.114029827383183,-7.583227283181833,1.9822361412910143,-1.8607504917062558
443,11.656949301609913,8.098552063504293,-3.558397238105618,3.0559154894799496,-2.4117531114297686
197,11.623866939775795,2.624290626593272,-8.999576313182523,1.0842942761276153,-1.7848541404612952
580,11.539225478546754,0.9782029082743053,-10.56102257027245,0.513630703307999,-3.9080376901877196
8,11.508052649499133,2.331326618070574,-9.17672603142856,1.1202720427481527,-3.3101051586778816
10,11.399469892331632,4.809433510230584,-6.590036382101047,1.8977714699273707,-1.56020945146877
34,11.349540385288039,0.3882242230365229,-10.961316162251515,0.2513622778511076,-1.7358703458775424
336,11.340037711734933,4.95890489298419,-6.381132818750743,1.68261099141464,-2.536055716340898
513,11.332779522038061,8.337428697236318,-2.9953508248017444,4.45560366995108,-1.377644884288912
236,11.302795418100441,2.0461015442555768,-9.256693873844863,1.267881349367979,-3.8265733961765274
663,11.29325512778663,9.179993923054463,-2.1132612047321673,2.868717400034803,-1.0068563376316584
465,11.250892558751394,5.2921039000552295,-5.958788658696166,3.9170782372368445,-1.8474149632523946
243,11.206940155511631,4.9601172867571055,-6.246822868754524,3.2813522289289505,-3.1044442020190117
100,11.155418073881862,0.7168921184865504,-10.43852595539531,0.7168921184865504,-3.406974624829827
72,11.092578399911103,5.187162325174107,-5.905416074736996,1.8753548556253734,-1.9498899819955045
317,11.091290508463155,7.488325315950785,-3.60296519251237,2.5158159632892203,-1.0610628363680332
250,11.051756452255008,5.694431753806506,-5.3573246984485055,2.930224272291342,-1.669002433910629
198,11.024754408853774,6.842843285341281,-4.181911123512494,3.4878143170339477,-3.0470859284311453
645,11.015857801042124,0.8525080883925895,-10.163349712649534,0.616993012382439,-2.197444331265956
101,11.00436942763654,9.351921747522494,-1.652447680114046,3.7645692049127115,-0.848870082013638
161,10.982520629268423,2.8391257185653522,-8.143394910703071,0.9282171094721223,-2.516448264902126
37,10.971438789739137,4.855286368186388,-6.116152421552751,1.212461875279542,-2.7151315439322405
11,10.970705355009565,3.5954832236371645,-7.3752221313724,0.8762307823584687,-3.700776413412661
50,10.945157466307062,4.82111442551688,-6.124043040790182,2.3000792863546495,-1.4444804940079086
341,10.928354256495615,3.380985711993102,-7.547368544502513,1.183054702339212,-1.6354858730004591
186,10.877999259747822,5.938999630167598,-4.938999629580223,2.3297621435509064,-1.9218291261361264
32,10.874522596558773,5.195348349823777,-5.679174246734996,1.6132851456400046,-1.4852927574081873
679,10.851018191589361,0.7459121824891457,-10.105106009100215,0.48415230191279685,-3.751565720886314
189,10.72719630825938,3.9918262625769936,-6.735370045682385,1.2716094701842897,-2.583761748207155
734,10.720377565205679,0.4952086249897772,-10.225168940215902,0.48446978709972094,-2.325418171713114
147,10.661736854432244,3.722001652359031,-6.939735202073213,1.7400501117565152,-2.7900797436239606
79,10.653541656948061,5.701030900554045,-4.952510756394016,3.4205318531538738,-1.949245065810208
452,10.636435941669728,7.995049064769268,-2.6413868769004614,3.494642049476635,-0.6428614742732996
685,10.621896691322346,2.2462862257868674,-8.37561046553548,1.136753986965998,-4.327558079430536
551,10.600969194916061,4.294845232389877,-6.306123962526188,2.942757880069459,-1.968189602369322
591,10.592601020403977,5.529030094033303,-5.0635709263706765,3.1144545989144747,-1.6794965501388774
661,10.59204915058731,4.317912849649506,-6.274136300937803,3.3095173679490535,-2.157382059729532
496,10.516136775622009,8.328615347922984,-2.187521427699026,5.255606210993079,-1.5374198534321597
717,10.505862519442374,0.9601903295957164,-9.545672189846657,0.9601903295957164,-4.311084488950347
306,10.43941866158075,9.183354161762658,-1.2560644998180903,4.076040497869395,-0.7717620965749152
634,10.4291712123431,5.131723571877872,-5.297447640465229,3.6640800995067866,-1.925633561822777
23,10.397871210450678,8.288784140403575,-2.1090870700471034,3.0262504511498256,-0.9994564872846368
114,10.3780912459956,10.367330967064591,-0.010760278931008959,5.689563998448582,-0.010760278931008959
428,10.347586597744952,5.952115705767802,-4.395470891977154,4.018110830285826,-2.4743232156101644
24,10.331573632272748,7.860079472968678,-2.47149415930407,2.149907095804897,-1.2620279208039507
545,10.316199392515232,2.8940077151726102,-7.422191677342624,2.881723217758406,-3.0071290858976516
441,10.298239882517173,3.1588036971544367,-7.1394361853627375,1.7175018833289182,-2.530765842112615
356,10.282763092642057,0.7049999516727968,-9.57776314096926,0.7049999516727968,-3.1386749395170837
102,10.272500553040997,2.2059321765080293,-8.066568376532969,1.0948345246690305,-1.4859698221319877
216,10.267875045517279,3.568292137504325,-6.699582908012955,2.9433403644711547,-3.0003090822317033
148,10.230318836300967,1.7279176712636932,-8.502401165037274,0.717134092815266,-3.1800497585998455
178,10.167753068885126,1.0669518082319909,-9.100801260653135,0.8565222806300772,-2.4130702733552702
363,10.130593931970676,10.085220294339052,-0.04537363763162389,4.877524717314576,-0.04537363763162389
495,10.08716939592736,2.907900675210448,-7.179268720716913,1.4176276916508186,-2.2047209832605104
93,10.08293783144785,4.168132052556022,-5.914805778891829,1.9695008605613324,-2.4051024458079993
570,10.0566674664142,8.310579308452455,-1.7460881579617427,3.5974092264957203,-0.6200994212989426
463,10.053608088483848,2.778449957040213,-7.275158131443634,1.3778308527843712,-2.7102692704019944
404,10.003664998860124,6.591977403534193,-3.411687595325931,4.366981113559712,-1.2496109648924878
13,9.855175233942617,7.400511085664296,-2.4546641482783205,4.169747896883541,-1.3776611435663033
598,9.835447390835215,1.9920953940247301,-7.843351996810483,1.2141387833517534,-2.868040305435829
80,9.74251985360013,3.749068214921131,-5.993451638679001,2.443745719708751,-2.166677422454769
719,9.69429362579763,2.118829100400159,-7.5754645253974715,1.856014494786294,-1.8194433696689192
63,9.690219755065364,3.1178874912120165,-6.5723322638533475,2.902440972376074,-2.429367809468316
439,9.656480758982388,3.7973833763863802,-5.859097382596008,1.429622407111145,-2.703319902271377
575,9.622946474781328,4.733913835348841,-4.8890326394324894,1.3812206065059787,-1.9929237071124417
332,9.56268872512412,4.606605235947719,-4.956083489176402,2.7786671883767657,-2.6750523953487297
456,9.552076957701761,2.202307943061346,-7.349769014640416,0.6344924772546012,-3.1501051335750874
5,9.545774499071886,5.624422231857209,-3.921352267214676,3.587833882431276,-2.35975459378062
30,9.516705682696436,6.708611141030508,-2.8080945416659273,2.4426107171450666,-2.0473344632837724
351,9.498874032156055,4.127153915685365,-5.371720116470692,2.5286601465850085,-2.0727079199380682
395,9.49112909073074,6.78777372027064,-2.7033553704600997,2.920318225677618,-1.0199331170886803
389,9.482769368535237,3.2278784857329215,-6.254890882802313,1.9996226200477316,-2.019006523544121
17,9.43579146698035,3.241466189689249,-6.1943252772911,1.9046037147853674,-3.0802833699648837
615,9.395767417030557,3.2302616822690666,-6.1655057347614886,1.2773980326876382,-4.04534221976317
565,9.375286792559038,4.78288090724409,-4.592405885314948,2.2407204924423594,-1.9690379158888394
753,9.347348812450049,0.74971557812612,-8.597633234323931,0.4141350939116381,-2.0069275602495873
231,9.312334433951694,5.35817544307012,-3.9541589908815737,2.399057377397416,-1.6201260740828565
151,9.312177407842796,7.524618068086154,-1.7875593397566438,3.0155371620100277,-0.46093876425302144
429,9.295995020539795,3.3713664976468536,-5.924628522892942,1.4851965853731959,-2.1131165695844607
364,9.261708976954381,7.515504235822029,-1.7462047411323514,2.7175006915502773,-0.9992478360427719
644,9.229276381352415,2.5313559688052427,-6.697920412547172,1.4580589927990746,-4.196897360103243
162,9.135385711723142,5.627715540384193,-3.5076701713389484,2.1078000361016485,-1.262244916014291
70,9.118708642420176,2.86655725926925,-6.252151383150923,1.468568413663087,-2.722687940949173
374,9.102294064811009,6.276215529066254,-2.8260785357447555,1.7135691772533872,-2.089298430992633
725,9.077436647230005,3.7765355416211,-5.300901105608906,1.9671014727374554,-0.9912918999387349
56,9.072735216056522,1.3322863306807795,-7.7404488853757405,1.3322863306807795,-2.3857334054971444
36,9.059141027873562,2.6466026467342516,-6.41253838113931,1.6737913664776725,-3.286546104627662
457,9.0013170847344,7.3296541657336824,-1.6716629190007168,2.3787106591329055,-0.8067864448954595
500,8.917404542983045,1.364982584475432,-7.552421958507612,1.137150921137299,-2.3082212369020767
193,8.90747098602874,6.110503903716072,-2.7969670823126696,1.8615461303769933,-0.9310717385697848
535,8.90506553430895,3.770300753008706,-5.134764781300245,1.3359284221631507,-3.0002428885007006
398,8.879294227800347,2.922943318796449,-5.9563509090038975,1.7370508051282068,-3.555297163172547
358,8.873924082950525,6.620472669252292,-2.2534514136982366,3.136840330273614,-0.9825850567819399
387,8.858524713580465,3.9266025108033675,-4.931922202777097,1.3409009199403579,-2.7729953622745986
390,8.844283428952997,2.3059652212776323,-6.538318207675365,1.1372443835838089,-3.0869301240959373
136,8.833564075300327,4.003281315018972,-4.830282760281355,1.115161903631577,-1.3446574164847855
202,8.828185243387425,4.310377698781238,-4.517807544606189,3.6997046176629222,-1.1038317029462457
7,8.825770646175801,1.1130675740041562,-7.712703072171644,0.4656589351946174,-3.2736543141632586
712,8.825209039450948,2.7939172005224706,-6.031291838928478,1.262459883219378,-2.2005650966370034
76,8.821346591690832,0.2485647595798548,-8.572781832110978,0.20186472806469305,-1.917544793525799
733,8.81932522137842,4.309115844875857,-4.510209376502562,2.3675920209841532,-1.7414185318380593
581,8.771716611293368,1.3211672805393828,-7.450549330753986,0.4403890935131276,-1.4412588152595156
95,8.748323779587368,6.308563774369528,-2.439760005217842,3.1419434645964994,-1.8182531358691758
631,8.621660989232101,5.959214614106212,-2.6624463751258873,4.409911918734917,-1.3777935275794195
67,8.619995498993246,1.4844915170022643,-7.135503981990981,0.4638471562600463,-1.828348807609165
163,8.587300630047734,5.844799569613209,-2.7425010604345235,2.416759827179596,-1.8476509666687515
460,8.576595526427003,7.50678362094982,-1.069811905477179,4.633098278275038,-0.6428024944441829
245,8.569156060022946,1.210172104961264,-7.358983955061683,1.1325396461106307,-2.4858723075231612
672,8.537508077079536,1.734253990316823,-6.803254086762713,1.4610195279861713,-2.5526881257784906
711,8.526187671935816,1.376607654618781,-7.149580017317034,0.6777196074974314,-2.967614892362943
85,8.507958779685207,1.5850537069860797,-6.922905072699129,1.0382680753351232,-5.427694698102171
372,8.496626545648011,6.455094403640624,-2.041532142007386,3.8521283329846656,-1.2035441855358826
108,8.466155631990594,2.800300195511153,-5.66585543647944,1.4117422894714153,-3.433473173503222
425,8.46101470565912,5.275578923132056,-3.185435782527065,4.406424353076792,-1.0863284284282706
110,8.362814715200003,1.178607482216161,-7.184207232983841,0.6147908605601466,-1.9402466181281568
45,8.362297499925827,1.8689022833652267,-6.493395216560599,1.307426548794266,-2.2018637111408164
652,8.360103591992022,6.384377769471331,-1.9757258225206926,1.946910193572737,-1.1090096024786367
402,8.328097520206416,4.857181255411725,-3.470916264794691,2.0000248974956634,-1.5975729500805207
664,8.164469154905312,0.7040818099128147,-7.460387344992498,0.23527939551876986,-2.6531240635445648
47,8.098117062460279,6.236623211494886,-1.86149385096539,3.29959781278345,-0.8474421059797576
137,8.091916998421043,2.069402046435716,-6.022514951985328,1.4469704987833711,-2.3694028269628205
126,8.081448874915306,3.6093240726068583,-4.472124802308448,1.5360634552562724,-3.678401090141152
718,8.058207959406325,1.7894736564757308,-6.268734302930595,1.7879052007918472,-1.4595631671641962
710,7.977589012337081,1.786587181327552,-6.191001831009528,0.6774436231314498,-2.2683788605117163
726,7.954814436523706,1.226615109521597,-6.728199327002108,0.7414745383813492,-1.395439995063664
523,7.911526531210794,1.2029096240087114,-6.7086169072020825,0.5980890376750356,-2.2321971042909055
384,7.843540523859367,7.138390053885216,-0.7051504699741514,2.536251254391828,-0.4583704086198501
369,7.8054644861037,3.8412221873147763,-3.9642422987889234,1.1501333140026773,-2.115978767373457
235,7.775780789165079,4.081498722639275,-3.694282066525804,1.5603199291893097,-1.3783500010551677
94,7.774912075349944,6.118280843833964,-1.6566312315159788,2.2663957947563405,-0.7260917511195708
747,7.743211780024965,1.1004330454674414,-6.642778734557523,0.48501585763106253,-2.349961609805746
211,7.739062190860796,2.5208625334065893,-5.218199657454207,1.914170809921882,-2.402551493912082
624,7.721475884761904,0.2602529143371406,-7.461222970424763,0.2602529143371406,-1.9265273318178855
489,7.700638605223839,4.7076619665844746,-2.992976638639364,3.426085931891054,-1.3354692914392208
625,7.668745863444529,3.3601036583983803,-4.308642205046149,1.3295330028573786,-1.4855000906482532
28,7.646106292654358,2.467730571514137,-5.178375721140221,1.3355425550146407,-1.9055601596366574
578,7.643633530586501,0.8537912649725826,-6.7898422656139195,0.44040199628960525,-1.3787413499514538
669,7.6326522047000385,2.435213981205961,-5.197438223494077,1.4280989606026115,-2.097228631858089
446,7.599758766122018,1.9304199652772003,-5.669338800844818,0.6766426071435706,-3.9348280689321955
362,7.5962943275485415,1.389336961598719,-6.2069573659498225,0.5701761666229297,-2.077821135499117
35,7.592268762374179,3.141159870434844,-4.4511088919393345,0.9601437508010416,-2.4007688175439195
732,7.590322570940103,0.7476820931825583,-6.842640477757545,0.48503725725950314,-2.519473943833212
4,7.586164923863781,1.7117895635426552,-5.874375360321126,0.6107731690148821,-1.7665162525888167
724,7.571684926728429,0.24723594228672935,-7.324448984441701,0.13085361901351375,-1.5673650228296092
759,7.529372245024757,0.8491628608144947,-6.680209384210263,0.4848845595969748,-2.822976363934923
436,7.473208292970798,5.911513550323558,-1.5616947426472405,4.956571446599942,-0.8575974903069193
508,7.470835206365294,1.0215402862416538,-6.44929492012364,1.0215402862416538,-1.8967613839153672
66,7.459659948139646,2.5312704615751827,-4.9283894865644635,0.7631982599489351,-1.9798675493192825
735,7.4378865251548945,4.4413950719483735,-2.996491453206521,2.64822838518426,-1.560816984322186
540,7.436404895348998,3.3234238319814633,-4.112981063367535,1.3960864664488144,-1.4854166907946327
27,7.429696556476091,4.770902207195019,-2.6587943492810715,1.949080840244747,-1.5960351744510857
727,7.420580426459647,0.2904605616517383,-7.130119864807909,0.2627551953272264,-1.9737698114948772
273,7.416211110157678,3.6815685995542236,-3.734642510603454,1.6091969133104986,-1.575898477631557
546,7.387696292537843,5.953183048869586,-1.4345132436682564,4.104793244704914,-1.3763691165616732
308,7.363388569953997,1.3118564802883426,-6.051532089665655,0.6555111935919797,-3.577712167839379
403,7.3601770565477755,6.641841272194974,-0.7183357843528009,4.20878612870358,-0.45797046318122325
406,7.350866444858513,7.113159309934065,-0.23770713492444748,4.646260692709434,-0.23770713492444748
383,7.344819858543419,1.397274908823074,-5.947544949720345,0.48508635887538853,-1.653618351074798
210,7.34129277847655,5.358782164851903,-1.982510613624647,1.3442144153910323,-1.1373644771269862
41,7.305220691522139,0.15871115627570953,-7.14650953524643,0.12617649896844885,-2.405145045990238
704,7.271062410136349,3.6820593981623824,-3.5890030119739658,2.0824756645155484,-0.8978937380165529
470,7.264510297683779,3.8079659860619737,-3.4565443116218066,0.9997820942493535,-1.5731429778934218
658,7.207814516441763,6.530160644923297,-0.6776538715184657,2.1846581189380503,-0.6776538715184657
519,7.166444202587313,6.773150113072161,-0.39329408951515277,3.993089231496334,-0.38670760261206716
423,7.1616716134800065,3.124634420686183,-4.037037192793824,1.208339220170637,-1.9986964373532006
466,7.140681848175922,0.34288483228777583,-6.797797015888147,0.1922560928736021,-2.914389446257823
526,7.112210934265571,1.2289728513720126,-5.883238082893559,0.42530367552915144,-3.1392578158157707
394,7.093011019308673,1.9868589923254014,-5.106152026983271,1.3564714368528967,-3.373937520904547
616,7.091473343831903,1.6996128482256596,-5.3918604956062435,0.786627675936982,-2.0624142546634285
229,7.058801887036238,1.440380724122096,-5.618421162914143,0.9841336021547675,-4.21806812771293
278,7.011371075706426,4.442836425911226,-2.5685346497952004,2.0134794426320464,-1.356881457116354
584,7.003711604296852,3.751835003944228,-3.2518766003526256,3.279750694505081,-2.224646042258982
191,6.979002890682291,2.6556014748748806,-4.32340141580741,1.7686541835582628,-3.557737603437992
467,6.91364853206756,3.1925574427895786,-3.721091089277982,0.9141473866649856,-1.856708336078407
640,6.899988507602482,1.8903221223243492,-5.009666385278132,0.776567519763195,-3.608038775715464
284,6.882613377780369,5.058018294685684,-1.8245950830946844,2.503860284142413,-0.9994517573541357
207,6.862494980954968,5.8809066462486355,-0.9815883347063319,3.7424200700057666,-0.4969916478474771
421,6.840497955477861,0.5753943473687754,-6.2651036081090865,0.2627568839291781,-2.188423400963435
44,6.837651338194939,1.3301775835724556,-5.507473754622483,0.6140823245102331,-1.8499514186686108
212,6.820400478936564,1.8775599673238967,-4.942840511612667,1.4233644333023339,-1.5384369793521953
381,6.770185622323726,6.5231885295933925,-0.2469970927303325,3.0895764406018413,-0.2469970927303325
241,6.7660768137031635,0.2562375063396712,-6.509839307363494,0.22689069755106,-3.48622676311602
144,6.713465331323211,3.972122334211553,-2.741342997111658,1.5522446505479173,-1.401156093835513
90,6.702105869252708,2.821396085012138,-3.8807097842405707,1.8752341191353177,-1.9484595324354406
542,6.69632585930724,2.6928890120230764,-4.0034368472841635,1.8634150977675281,-1.8503534579848417
55,6.636329827153073,1.5988620524233,-5.037467774729773,1.1435729997596957,-2.2631854207562396
226,6.614719364998583,5.937166620207314,-0.677552744791269,2.4842402183924572,-0.677552744791269
586,6.61150626036501,1.1437167444944074,-5.467789515870603,0.6286491598202092,-1.5853439529684183
621,6.578634369607742,1.5633452653973878,-5.015289104210354,1.5633452653973878,-1.8817025439507293
637,6.56794177168749,2.7970354927810375,-3.7709062789064522,1.4751450072106023,-2.041956731310776
16,6.554160698523747,0.8617735456973311,-5.692387152826416,0.7870827979203721,-2.2844248203230224
46,6.537853713138786,6.253956548853578,-0.2838971642852087,2.5610155943405335,-0.26266667297272656
103,6.526409807883193,5.473179678579756,-1.0532301293034374,4.23449028720143,-0.48342949695225645
78,6.511222760853422,2.3445337963536526,-4.16668896449977,2.113327645083866,-1.1375086990969303
25,6.472235777028927,2.5590006120570834,-3.9132351649718435,1.0907338286455297,-1.010913306947316
420,6.4303063620445995,2.51647354803427,-3.913832814010328,0.8898798003624288,-2.2461725754253186
477,6.325458852897988,5.355353555404758,-0.970105297493229,1.4201852229175345,-0.8890645073045944
643,6.323977753327224,0.656455898733115,-5.667521854594109,0.656455898733115,-2.0619375549493997
600,6.315700847366323,4.422465018964275,-1.893235828402048,2.679664464755407,-0.6776805598073344
502,6.298416948767593,4.637055501547967,-1.6613614472196268,2.9423930201953454,-0.6777995403293431
321,6.292592017005302,5.229508958877507,-1.0630830581277944,3.2833294250939096,-1.0630830581277944
38,6.288002155677837,4.962647854698002,-1.325354300979836,3.6376292454181542,-0.6776697628879981
682,6.275145914940903,2.8973609454929026,-3.3777849694480016,2.0619609821676064,-2.6443467905770586
33,6.2679459028667,0.2516568209940589,-6.016289081872641,0.2516568209940589,-0.9886741114639475
722,6.260108133279833,3.69134234531782,-2.5687657879620125,1.7437038339516826,-0.868209528153254
266,6.2418759585666805,4.461958479775674,-1.7799174787910075,1.9650213293711547,-0.9096901331014541
687,6.220408602070435,3.1116507365565904,-3.1087578655138466,2.9635823319800445,-2.040489371214636
412,6.219718951285329,3.5690110514499036,-2.6507078998354254,1.502415025196431,-1.7067154389901826
743,6.20642566603891,1.5370325405183842,-4.669393125520526,0.7078901572582992,-1.5602549874003342
386,6.199415786078807,4.030611780332628,-2.168804005746178,1.5850188428032617,-1.3201949786883687
201,6.184465878978858,2.0931487445939014,-4.091317134384957,1.5056946948853056,-2.9742959165577427
257,6.182207147628928,1.1963921405848057,-4.985815007044122,0.4174565262822933,-1.167505974438863
534,6.180628584639802,0.3287548287484753,-5.851873755891326,0.1710744050004736,-2.0854275210886812
543,6.145070120047043,3.3913213424351327,-2.7537487776119107,1.6901928133793185,-0.8871455309713743
574,6.138273204626437,0.7101650462531703,-5.428108158373266,0.2367216820843901,-1.3252711712098284
512,6.116266609447184,5.116630909277029,-0.9996357001701557,3.064927181919156,-0.9996357001701557
272,6.102397470276197,0.0,-6.102397470276197,0.0,-3.3378283018790134
708,6.101229060306487,1.235689489892531,-4.865539570413955,0.677893845320398,-1.1175959145968035
572,6.093760267219615,1.4869895227587722,-4.606770744460844,0.7770097134394085,-2.6877296971472906
653,6.075748427130025,3.2602909727538303,-2.815457454376194,2.819182226263774,-0.6779616364250303
139,6.061770720000495,2.8553385742428636,-3.206432145757633,2.83201125582712,-1.047932124563842
157,6.061128559458664,2.3623489041400534,-3.698779655318611,1.2233930060764584,-2.2177070359182194
253,6.049801190176716,5.787801000983945,-0.26200018919277035,4.01596924557824,-0.26200018919277035
716,6.049247075014481,1.7591593042941958,-4.290087770720284,1.1103241293452475,-1.3888041510606493
217,6.036093366196951,2.9310460706048973,-3.1050472955920547,2.7090278596285664,-2.3570767198958196
208,6.031482386163552,2.5620396128591496,-3.4694427733044035,1.4361981120353033,-1.9836016106019372
728,5.988970146346001,2.297112906642115,-3.691857239703886,1.3132638246115689,-1.561439203051735
319,5.968528137147116,4.074606285670839,-1.8939218514762786,2.606704724288584,-1.1369096557944884
354,5.954079332857315,0.9569633347975051,-4.99711599805981,0.5604127841771618,-1.3133947928219496
619,5.922544744705758,2.8023096438290267,-3.1202351008767315,0.9991640342844372,-1.5183189931340537
528,5.893069463191312,0.5514442541753659,-5.3416252090159455,0.3082601371574121,-2.297106952985711
533,5.883999692130075,2.273332678150133,-3.6106670139799424,1.169318232451694,-3.600694381698458
228,5.856519571570216,1.8567602030055315,-3.999759368564683,1.4375553910163108,-2.0705008563969742
720,5.850426296751248,1.274577941389273,-4.575848355361975,0.5914218803580271,-0.7131993095555051
539,5.8446849091656965,1.4649599106149696,-4.379724998550727,1.4649599106149696,-1.7657578929531552
59,5.770028484679366,5.17405867762469,-0.595969807054676,1.6571162528622958,-0.595969807054676
442,5.765293562677878,1.1509701300433008,-4.614323432634578,0.6778146502719409,-1.3261407123847608
205,5.736829853992144,4.919132265554224,-0.8176975884379198,1.9142873161150273,-0.2626082488119227
270,5.734700728542631,4.72482310023785,-1.0098776283047814,2.1327036995543116,-1.0098776283047814
225,5.725264338827817,2.6388796270606014,-3.0863847117672156,0.9182284870976557,-2.2628038395724643
344,5.702916754374676,4.150119520835945,-1.5527972335387314,1.6355431864924275,-0.4846075842559051
52,5.702240432451394,4.9305769618111706,-0.7716634706402223,2.830139196764712,-0.48488330496351617
254,5.684095973932281,0.7144156559059528,-4.969680318026328,0.4874039853714064,-1.3911140457171602
458,5.6781391768372425,2.99850890136147,-2.679630275475773,1.4854190202754984,-1.580015929069777
417,5.676364573487611,1.6187520396668755,-4.057612533820736,0.6779298463152397,-1.7197139095057359
88,5.658575038923559,0.5031910070704003,-5.155384031853159,0.25159550353520016,-2.2019024646386063
57,5.650488412425812,1.0680079004702834,-4.582480511955529,0.8167828872895398,-1.460666314427201
610,5.63463813974871,0.0,-5.63463813974871,0.0,-2.0333050702581974
168,5.633083945989167,3.605764366619365,-2.0273195793698022,2.256437944800469,-1.2004192333549368
2,5.591192148555378,3.6968827672249445,-1.8943093813304337,1.455078338316818,-0.6780110611124679
547,5.580717623601057,1.6639089522972137,-3.9168086713038437,0.9612776710846076,-1.9662642387399776
298,5.562793872972703,5.38034590771804,-0.18244796525466275,1.5601963555453493,-0.18244796525466275
91,5.556755379101405,0.5029701379354332,-5.053785241165972,0.2514850689677166,-1.3334596389141429
686,5.54491452019861,2.6843212030763235,-2.8605933171222877,1.5849743664432687,-0.9801376519293499
738,5.537238821350337,1.7152472029947246,-3.821991618355613,1.1370571391424262,-1.9656604674910214
681,5.521627275247392,0.7970769757569811,-4.724550299490411,0.7432201615013923,-1.8970687502858308
741,5.4733223589692575,0.2628417898011923,-5.210480569168065,0.2628417898011923,-1.0423796623810635
603,5.473226121311701,4.7301589754842395,-0.7430671458274615,2.6878660342799305,-0.26744829026456185
122,5.473163861183741,1.2329339381684736,-4.240229923015266,0.40316761925307937,-1.0002581537234487
697,5.466707646888739,0.9071161006446236,-4.559591546244115,0.564160490665291,-1.6370187539099583
173,5.456966192543714,2.1586442765181584,-3.2983219160255564,1.1868065261032392,-1.765627978096806
673,5.437287979366506,0.8748382009705552,-4.56244977839595,0.4851611027062161,-2.040200811463937
478,5.432369716506691,2.561545750337852,-2.870823966168838,1.0371698062978478,-2.4481600992265595
48,5.399816652926601,1.8697116196523462,-3.5301050332742543,0.8561174383022208,-2.5041256856513607
557,5.398090615895554,0.5354440280475856,-4.862646587847968,0.3732382447778327,-2.1597223116176094
379,5.395460467892615,2.74402509402656,-2.6514353738660557,1.6883031139384639,-1.152251287895952
481,5.385730354750827,2.5330687041094366,-2.85266165064139,1.5417631341760734,-2.8069614622566
723,5.376250000772915,1.378378899244241,-3.9978711015286743,1.378378899244241,-1.37624109229419
596,5.37619509558712,2.0380048448410153,-3.3381902507461048,1.4181821175569687,-1.7654241922385878
327,5.331488365912596,4.897029734040667,-0.43445863187192824,2.469372149205956,-0.26250903517593716
401,5.293170218086024,1.4236940938192002,-3.8694761242668236,1.160808665103334,-1.511084867111121
120,5.289745690902647,2.0554341445367914,-3.2343115463658565,1.090021018766559,-1.585059242242088
405,5.260986339137318,4.757799274367992,-0.5031870647693267,2.558293708746572,-0.24756923207101136
454,5.255549903446563,1.7679480318486174,-3.4876018715979455,0.5712915895626527,-1.9304725469155648
14,5.241148281554859,0.6138210078626762,-4.627327273692183,0.33694967872061315,-2.3787830220160675
378,5.222170473057183,1.9783715586897241,-3.24379891436746,1.7659640644080168,-1.0566776010062546
399,5.192298042583689,1.7393262791635435,-3.4529717634201464,1.0201541511349057,-1.3509173437755668
699,5.183752508049424,2.336789545704575,-2.8469629623448487,1.9263390857787765,-2.180882906494687
329,5.182908435657637,1.2336425896367116,-3.9492658460209267,0.5511302865786638,-1.5560741625742123
314,5.169982125225666,5.169982125225666,0.0,2.102308167039043,0.0
331,5.147114099457024,2.58584601740413,-2.5612680820528944,2.1869027794752265,-1.3908255922909167
410,5.1215254029860535,3.1364884771696704,-1.9850369258163831,2.276471235113105,-0.9448483780906173
612,5.104527419642951,0.8052019220072693,-4.299325497635682,0.7897286935204526,-2.0001158846781313
184,5.102691238694493,2.1928867642761056,-2.9098044744183866,1.385326810404184,-1.1375665076050583
54,5.102097334433422,1.3090679065614468,-3.793029427871975,0.5823551156156188,-2.433080617263257
261,5.096570916426971,0.6451995006490459,-4.451371415777925,0.2230172169682578,-1.6784304094373383
26,5.087624326421753,3.145733502546078,-1.9418908238756738,1.4420525341385166,-1.000045907683578
247,5.062301557661043,1.5754664311743012,-3.486835126486743,0.8938599491796088,-0.9999567909874799
440,5.020395234401891,2.8921266051041092,-2.128268629297782,1.5779366079243433,-0.6439463622187325
265,4.966478209696666,1.6782273912906476,-3.288250818406019,0.8251915457289395,-1.9260733639306507
58,4.961246051940053,1.746923114128993,-3.214322937811061,0.8578125803023718,-1.8020591718209185
154,4.878821544319989,4.267975081126739,-0.6108464631932509,2.623637621875637,-0.48032593822117886
20,4.850311954762889,0.09371718871797743,-4.756594766044911,0.09371718871797743,-1.7482556916966916
51,4.83952919524008,4.542128439775262,-0.2974007554648176,1.8231682137550342,-0.2626216481064374
159,4.785746907077612,2.803948554221339,-1.9817983528562744,1.9911964733789145,-1.4022884089635221
571,4.77236576651545,1.1737184672827596,-3.5986472992326903,0.4791350977254051,-2.595257558002728
311,4.763373410914176,3.10163659448595,-1.661736816428227,0.9598466092149903,-1.1387561534225332
19,4.742864720584421,0.0,-4.742864720584421,0.0,-1.58529976711883
371,4.734510297014371,4.3233326727639625,-0.411177624250408,2.1671893191835427,-0.2627641732756009
593,4.671875969365616,1.3657227774511143,-3.306153191914503,0.7305823353965233,-2.8481685966920467
479,4.66712694349131,1.6254115990784783,-3.0417153444128315,0.7423399375798361,-1.847995549619093
111,4.653096884155693,3.389628775364938,-1.2634681087907542,2.8219745759557484,-0.9989447925779567
166,4.633843824945444,0.9644209501336597,-3.669422874811785,0.7172857675376276,-1.0578429764123483
42,4.627088996550812,1.5329636760319212,-3.0941253205188906,0.6769371988809065,-2.2016966120133064
605,4.620932357221092,2.6296682166363086,-1.9912641405847835,2.3887384499384536,-1.1371639698143077
729,4.613029601383305,2.081708239557429,-2.531321361825876,1.263060532124272,-0.8353929955682959
609,4.610738372340897,4.153562787085253,-0.45717558525564417,3.566563064790131,-0.25876003650834595
328,4.586587591253693,0.0828648976819429,-4.50372269357175,0.0828648976819429,-3.1378840247393316
174,4.57152239657958,2.393437164652674,-2.178085231926905,1.551833722903183,-1.7021195596792673
639,4.561306171042088,1.927261104137388,-2.634045066904699,1.1683912243304926,-1.137514558503201
623,4.528624427363173,0.48136770667773127,-4.047256720685441,0.4402511321567199,-1.29936946180404
647,4.513832682250982,1.3453036727925545,-3.1685290094584273,0.5791512032477165,-1.1309325820377507
84,4.494596654353435,1.9262811088762577,-2.5683155454771778,0.9577016258188906,-1.1374934565691948
294,4.493746868208934,2.8524044573701293,-1.6413424108388048,1.493327516279996,-1.3784098141293704
365,4.489467176759112,0.4785822254429194,-4.010884951316193,0.4785822254429194,-1.8583926140798377
334,4.474551257919082,2.220324799777529,-2.254226458141553,1.644128932824598,-1.6779290674551266
238,4.472070192134877,2.57078200665807,-1.9012881854768076,1.1321654391940879,-0.6780024437629542
140,4.458700477846463,3.450102205478326,-1.0085982723681375,2.134310191185076,-0.3942034615050748
705,4.453672789708543,0.5295138901721655,-3.924158899536377,0.26293772423378803,-0.663960657790579
461,4.438136607789686,1.1160638274400212,-3.3220727803496652,1.0243901167016984,-0.8399712597107463
129,4.421360532325643,0.9713947894803814,-3.449965742845262,0.5686507194705601,-1.2085683652233115
3,4.42101801276043,1.2888931122638199,-3.1321249004966116,1.22231451999342,-0.8480550999653447
352,4.408407548637239,2.848164797009931,-1.560242751627309,1.9450460234052713,-1.0240949023440404
721,4.400641830737512,1.6550895540458026,-2.745552276691709,0.6779899600386159,-0.9972829689796243
396,4.397408701346572,2.900475771238565,-1.4969329301080063,1.2630746783729836,-0.6426571049676147
756,4.3836623585240835,1.6215074397555955,-2.7621549187684877,0.6224191795245408,-1.2530600588021268
482,4.262793381747013,0.013387493050617552,-4.249405888696395,0.013387493050617552,-1.1502222346915332
121,4.262157618249372,1.4000923610082652,-2.8620652572411065,0.9207162892685691,-0.9998394997757227
589,4.212918902363172,0.4734007499166853,-3.739518152446486,0.23670037495834265,-2.1695199327348047
569,4.211685131649692,1.978907656131432,-2.2327774755182603,0.8925069472509091,-1.3950966788895955
567,4.210223892822521,1.773410528478641,-2.4368133643438807,0.6469482573019876,-0.8479577161330103
629,4.194475891348973,2.0231797287034388,-2.1712961626455343,1.2255320369405382,-1.073215358417766
424,4.190642515721626,3.6138687653311767,-0.5767737503904496,2.3702019348269934,-0.32930340963609495
549,4.1891351078559955,2.4491642263832434,-1.7399708814727544,1.649563019537875,-1.1374291160078058
530,4.164226199323274,0.0,-4.164226199323274,0.0,-2.150235942653902
127,4.151212016847225,1.6013858214361054,-2.5498261954111214,0.7120426812368409,-0.8596407660859666
141,4.136516688867967,2.610975083548912,-1.525541605319054,1.53781834095411,-0.9998242645504889
509,4.132518404969603,1.925659019022421,-2.2068593859471823,1.1117576720818305,-0.6778438887963296
617,4.121524284038813,1.350842540386964,-2.7706817436518487,0.6193340857617671,-1.485482664473244
758,4.117855334991238,1.5107922235374631,-2.607063111453775,0.7846846913869724,-1.4120793931678848
585,4.1102585034397325,2.0135223651775402,-2.096736138262191,1.720155906470719,-0.9003823823165369
696,4.092922299051281,2.0980464188094237,-1.9948758802418576,0.9504434034404274,-1.7382918102759828
348,4.07237445312273,2.2683190697788636,-1.8040553833438662,1.7109276947231873,-0.9639209997431253
267,4.057009405712278,1.8434446010628618,-2.2135648046494167,1.1606091038500193,-1.6875411411218881
483,4.021164978734749,1.227834598175791,-2.7933303805589604,0.5427054060095684,-1.3729731977081974
630,4.017763887670346,1.6351564271399137,-2.3826074605304304,1.6341964447313468,-1.837749305199677
134,3.997066277335972,0.9871124506605644,-3.009953826675408,0.7178016062656095,-1.9262341777271934
315,3.9941864220509578,2.9193512963497383,-1.0748351257012199,1.5934783610478347,-0.5373118298312543
361,3.9846263845804524,3.7117939484866898,-0.2728324360937623,1.687489424460174,-0.2728324360937623
488,3.971858814207381,0.4936885807084592,-3.478170233498922,0.2653870184548177,-2.322093735749024
587,3.9577422225747148,2.89974488987704,-1.0579973326976748,1.883750925110612,-0.6779785755666552
413,3.950957219349405,2.1492271217656818,-1.8017300975837234,1.1332629033164023,-1.5107611412108473
180,3.946562806527143,0.08834744646599847,-3.858215360061145,0.08834744646599847,-2.4899470888735844
259,3.938279127982961,0.0,-3.938279127982961,0.0,-2.4520127536308975
206,3.921165513398402,3.0065133546409903,-0.9146521587574115,2.4045241700098683,-0.2722106391705725
281,3.9080767219284045,3.6453115150576707,-0.2627652068707332,2.1433339521918136,-0.2627652068707332
529,3.8737496498794677,0.4699213755176094,-3.4038282743618584,0.4699213755176094,-1.4845290313510002
618,3.8205523619551203,2.724409294454339,-1.0961430675007813,1.5767647385638262,-0.6108812960831898
730,3.740674754374552,0.42904477661279194,-3.31162997776176,0.2628856085965675,-0.9964355544765585
346,3.721139551998307,3.6705980787798307,-0.05054147321847651,2.4831141545176134,-0.05054147321847651
656,3.716809471346025,1.0914299915513643,-2.625379479794661,0.4400408061056697,-1.6781371820754822
484,3.714567128655907,3.714567128655907,0.0,1.7679699454344036,0.0
165,3.687128472093221,1.9130554321919973,-1.7740730399012241,1.5090050654171219,-0.6779930490455159
283,3.685205811995515,2.89649152439067,-0.788714287604845,1.143445000181188,-0.2629047625349483
301,3.681932297153992,3.080093944279631,-0.6018383528743607,1.4640656654185873,-0.6018383528743607
422,3.6790566531990154,3.235841624877765,-0.44321502832125037,1.5402776963109024,-0.2474789883373746
516,3.6598086283279705,2.9330233423566963,-0.7267852859712742,1.138027503594023,-0.7267852859712742
520,3.634739947293205,1.4764760494386782,-2.1582638978545274,1.0202096310022186,-0.7589262925388366
622,3.6232670226034114,2.230254106837465,-1.3930129157659459,1.9764064932093224,-1.0123391448905854
18,3.616579265200416,0.9504390153696215,-2.6661402498307947,0.47995647521696017,-1.1375664919732416
345,3.5920371705794,0.6002233166625972,-2.991813853916802,0.3913578430615146,-1.3786118204665676
414,3.5559063192560765,1.0799179680239965,-2.47598835123208,0.6778059105147378,-1.7657257565343139
172,3.54789963418198,2.3148038221503664,-1.2330958120316136,1.7359872704362584,-0.4851627444560204
234,3.537870717065174,1.4397287576205404,-2.098141959444633,0.863109380405698,-1.255680381942587
252,3.5314981318507375,2.2754426309932962,-1.256055500857441,1.4213575477600038,-0.8479125806383789
373,3.531112294700423,1.701269159543422,-1.8298431351570015,1.1050469364672098,-0.7728868535831023
388,3.5158826764233364,2.4624463683121096,-1.053436308111227,0.8748721711874349,-0.806033197696021
536,3.4859932955020034,0.4014929264751718,-3.0845003690268316,0.4014929264751718,-2.2728322162066656
438,3.485948336913421,2.485245587282244,-1.0007027496311771,1.000010969993916,-0.7530055289727234
92,3.4804089555543034,0.25165948839378255,-3.228749467160521,0.25165948839378255,-1.4089611490016154
177,3.478585822380289,0.0,-3.478585822380289,0.0,-1.8481875554608926
99,3.4618659312727216,1.1790988257866892,-2.282767105486032,0.5195083316754765,-1.2855133529912703
480,3.441731314878613,0.6200091570422049,-2.821722157836408,0.5987855327090273,-1.0875465928505554
437,3.4365458710429007,1.4271254216800822,-2.0094204493628185,0.6780689205381614,-0.642672746944458
560,3.43521188639711,0.16201290752132624,-3.273198978875784,0.16201290752132624,-1.094825763324854
695,3.4336588816441784,2.139684341012452,-1.2939745406317265,1.2016706398775698,-0.4743253938104751
279,3.4276754857207314,3.3649213323368707,-0.06275415338386085,1.433763906725048,-0.06275415338386085
277,3.4225476117979965,1.6518890453881918,-1.7706585664098051,1.0169567041921068,-0.6780834700248716
432,3.415672570108261,2.616531444497154,-0.7991411256111073,1.219542664473921,-0.7991411256111073
492,3.4048268725482393,1.9900217393981434,-1.4148051331500968,1.4399363397578715,-0.9294245826339649
604,3.4040191530470376,1.988935935068192,-1.4150832179788464,1.9468571678800766,-1.2483781671823255
239,3.3965570227543043,1.6831465294798216,-1.7134104932744825,0.8362163945601369,-0.5408926035884176
494,3.3736327604522565,2.1517287995400785,-1.2219039609121785,1.419582002536584,-0.6780065417116995
353,3.3531501285757623,1.443780897226223,-1.9093692313495396,1.0964584790859135,-0.8479579891965462
691,3.326689727578296,2.85265245130132,-0.47403727627697606,1.6465113711280766,-0.47403727627697606
740,3.3084644724844976,0.0,-3.3084644724844976,0.0,-1.198048510339198
307,3.2945740094563285,3.2945740094563285,0.0,1.070285765697846,0.0
754,3.262693417138923,1.118809384986402,-2.143884032152521,1.1121987597996243,-0.6382825585020648
310,3.262087136883352,1.7833417188022833,-1.4787454180810675,1.3854076464385787,-0.48544919823895866
518,3.252301077579746,2.035194079640417,-1.2171069979393285,0.6894421735624776,-0.7318106909933184
501,3.2445672214662378,2.260530776649528,-0.9840364448167098,1.147431898988147,-0.4853221058074117
221,3.235023427035417,0.9840812011827755,-2.250942225852641,0.3709233084621449,-1.4941125496271297
164,3.228371317308957,1.8963709845964924,-1.3320003327124648,1.2349990740869656,-0.5604802162340978
260,3.2160920238030655,1.3836360228070195,-1.8324560009960458,0.5961663950971398,-1.151449303820778
450,3.2159764038583587,2.8449256665394276,-0.3710507373189313,1.6542818604701526,-0.3710507373189313
366,3.2052860553431537,1.8882373291020242,-1.3170487262411288,0.673511638581263,-0.485318969977643
285,3.1986021785586165,1.1254378888790963,-2.07316428967952,0.4052165385580392,-1.1311559398851447
435,3.191556502475821,1.8740973437854802,-1.317459158690341,1.1101852936550995,-0.8226814748535258
286,3.185801655291122,2.046729836011311,-1.1390718192798117,1.2503033333967515,-0.6995159619872124
505,3.184551056567668,2.021253093022611,-1.1632979635450567,0.9105798062339595,-0.6779715207437262
558,3.1644362499187015,2.3898120563849194,-0.7746241935337821,1.1735629717251048,-0.47747696413377455
597,3.1333433882600734,1.2506838482308094,-1.8826595400292645,1.0499931909691005,-1.0062420840142574
98,3.1120060517007158,0.6188451782928629,-2.493160873407853,0.40324177565409036,-1.087711176755741
349,3.1099446578531063,2.0681007774875404,-1.0418438803655659,1.4743605223120437,-1.0418438803655659
667,3.1098477901543955,1.1681384274566013,-1.941709362697794,1.1374531011368982,-0.7647238119948716
275,3.0863334885041933,0.22715781039653116,-2.859175678107662,0.22715781039653116,-1.3260693785494593
506,3.066291178179123,0.7681417038990868,-2.2981494742800366,0.3934927179820085,-1.0000322341403118
515,3.064266014184682,2.753431571035776,-0.31083444314890607,1.3545706746399597,-0.31083444314890607
233,3.0590754995087863,2.1581254511933174,-0.9009500483154684,0.7561985626963653,-0.9009500483154684
746,3.056464769805139,2.2868939957221044,-0.7695707740830342,1.4214808039888194,-0.2565235913610114
620,3.053953463743355,0.9207022591024124,-2.133251204640943,0.9207022591024124,-0.6781206019996369
592,3.0193168932027605,1.037059900901944,-1.9822569923008166,0.5546350909906119,-0.48540836699474244
486,3.0112018085591803,0.22830867168741614,-2.782893136871764,0.22830867168741614,-1.6094958258647043
606,2.997995857025654,2.735091704523463,-0.26290415250219124,0.7772990051900515,-0.26290415250219124
318,2.9830247107333134,2.9830247107333134,0.0,1.2808717310045767,0.0
499,2.912122848327547,2.3182883774939738,-0.5938344708335734,1.9631417343774815,-0.33093556950092945
282,2.899803229327561,2.3791930837402866,-0.5206101455872746,1.2432431703266777,-0.4853022573365125
83,2.8807428877431867,1.6980136373184205,-1.182729250424766,0.8379838576191379,-0.7473120550563299
434,2.8805019195428097,1.1974291616561499,-1.6830727578866609,0.9196289809898215,-1.0858459258940345
232,2.8728725111852293,0.4221009357724653,-2.450771575412764,0.22464642489601655,-1.1376028038804178
742,2.8716217707544445,0.5257799588439261,-2.3458418119105184,0.26288997942196307,-0.8330285438511414
118,2.8610203776170025,2.5051345811968377,-0.3558857964201646,1.1350188635546947,-0.2624323995939939
583,2.8366220915208245,2.310840064706086,-0.5257820268147383,1.2272646736072503,-0.26289101340736915
504,2.8153968462020487,2.6480231476298064,-0.16737369857224227,1.7307214208562387,-0.16737369857224227
385,2.774719686631439,1.8248024372190321,-0.9499172494124063,1.4011910121693563,-0.2877634263718415
145,2.767174731750731,0.5308265601246349,-2.2363481716260956,0.40294642595251234,-0.7585026465708467
755,2.7548724689815796,0.042579906859292686,-2.7122925621222866,0.042579906859292686,-0.6640340498793282
594,2.7382218838074968,0.0,-2.7382218838074968,0.0,-0.8481617471517737
138,2.7325986620246296,0.5428865749974434,-2.189712087027186,0.4029604904156185,-0.4855522609672853
562,2.729880954544762,0.6831745308235843,-2.046706423721178,0.4551662335526301,-0.9252868764014023
244,2.6488848397936193,0.7721048860757285,-1.8767799537178909,0.5443700238525875,-1.3558136914999543
291,2.648730267916182,0.8232313552967507,-1.8254989126194314,0.3979642566515264,-0.7964986977748254
553,2.6402676485494334,0.535412891548739,-2.104854757000694,0.33498922265271464,-1.0001567489560623
517,2.609044690274672,1.3928524084269027,-1.2161922818477686,1.0503726127546995,-0.9532324255554006
335,2.6077404486382982,0.5618061287475953,-2.045934319890703,0.5618061287475953,-1.137624286803258
670,2.6032053520810225,1.169837498361377,-1.433367853719646,0.678018459829232,-0.5025184703418861
739,2.5911732484303767,0.2689702584499905,-2.322202989980386,0.2629370249449872,-1.0836106355566777
408,2.5810448078913337,1.4368747738760022,-1.1441700340153322,0.6002731706592199,-0.9471481255188979
262,2.5774634535422916,1.4909248930977996,-1.0865385604444917,0.7454624465488998,-0.8227192284303892
706,2.574919126108601,1.8055056671671665,-0.7694134589414341,1.2630866158318375,-0.256471152980478
638,2.571822806654717,0.671392245373128,-1.900430561281588,0.6122237295385886,-1.1317047989718463
635,2.565141568618619,2.2467066960618745,-0.31843487255674496,0.9638664978550272,-0.2627993335949244
749,2.5547089092663704,1.6346332200921232,-0.9200756891742471,1.3696858870851263,-0.6657323562782771
130,2.5394750686053236,1.9065207221689917,-0.6329543464363316,0.8771663633243117,-0.26283315717699796
280,2.5236562826105993,0.48936970794520485,-2.034286574665394,0.48936970794520485,-1.4153167832662414
752,2.508354195010523,0.303817286473287,-2.204536908537236,0.27083190943576385,-0.6637155852636036
550,2.5049783123259677,1.355693678364898,-1.1492846339610694,1.0413662605635106,-0.4854406584017311
474,2.5032533039874623,0.4303723055966656,-2.0728809983907968,0.4303723055966656,-1.735613891785727
133,2.4991225966147717,0.6680236050528214,-1.8310989915619496,0.3128844934742195,-0.6782090687604458
427,2.498481585405501,2.498481585405501,0.0,0.6782240387494649,0.0
626,2.494461313079538,1.257824498582274,-1.2366368144972646,1.0205536982470649,-0.4475733208335831
577,2.4931199299143114,0.7625089274371357,-1.7306110024771764,0.4405312103152985,-0.7372341569184486
167,2.487623184104082,1.8399295719851394,-0.6476936121189418,1.1851967493923594,-0.6476936121189418
415,2.480175603495599,1.4907021188921692,-0.9894734846034299,1.227049972430536,-0.5306549594495213
295,2.4787544621672937,1.4253897167458829,-1.0533647454214106,1.4248784142069775,-0.48539274033431484
330,2.471608173491595,0.8843556142097407,-1.5872525592818534,0.7084747638386352,-1.0000209290429705
15,2.4569989512340213,0.7177597832265062,-1.7392391680075159,0.46603261723088046,-0.949011264313486
493,2.440619556750644,1.3121889064727708,-1.1284306502778736,0.5879830877013503,-0.6422365972284517
131,2.4370290898167415,1.6331797548805371,-0.803849334936204,1.4214310832059627,-0.26289013088951796
688,2.391443823009125,0.4089477596172772,-1.982496063391848,0.4089477596172772,-1.0616694791578078
264,2.3832030003394133,1.6414388254052037,-0.7417641749342098,0.9055607399803117,-0.37300320729871267
703,2.3667963115637134,1.0091492585238595,-1.357647053039854,0.523101990140602,-0.8833165191165973
312,2.3590944072770705,1.5883979004012303,-0.7706965068758402,0.5754994185609552,-0.46532590813878666
370,2.350859927372496,2.350859927372496,0.0,0.9927276343521253,0.0
665,2.344015603002327,2.344015603002327,0.0,0.6185850955176725,0.0
579,2.3290256761237274,2.040306078159169,-0.28871959796455854,1.2846511481542728,-0.26292099054762635
538,2.3118796931455017,1.6061556593207922,-0.7057240338247099,0.9691507631843309,-0.7057240338247099
209,2.295294491890316,2.0376804371475976,-0.25761405474271865,1.1355419297810359,-0.25761405474271865
407,2.2913821249080826,1.4529187455585295,-0.8384633793495526,0.7846916557166583,-0.45865004117144365
426,2.2777347589417856,2.02993314012778,-0.24780161881400564,1.0000350931023476,-0.24780161881400564
132,2.271273434216158,0.40290980218070716,-1.8683636320354515,0.40290980218070716,-0.6781465986688247
751,2.269350381142299,0.262948850599505,-2.0064015305427936,0.262948850599505,-0.8815354415138263
498,2.265351434527406,0.4550593899678687,-1.8102920445595372,0.22752969498393436,-1.244824937328407
748,2.2493063746713187,0.2630031145050699,-1.986303260166249,0.2630031145050699,-0.7410233089599929
632,2.2490524767321927,0.7101284497367955,-1.5389240269953974,0.43878611544037016,-0.8479654013853472
367,2.2487088993216457,1.1849896095888977,-1.0637192897327483,0.7962769196997604,-0.8479233309977469
737,2.2408030734312545,0.7791690042914954,-1.4616340691397594,0.5161638513214324,-1.461166023320064
646,2.2216114580858535,1.9586934475643516,-0.2629180105215017,1.4599588439120623,-0.2629180105215017
475,2.217709998381485,1.5594784622708222,-0.6582315361106632,1.310191359773606,-0.38135227231092433
97,2.2160987306760154,0.5190575734759297,-1.6970411572000856,0.5190575734759297,-0.9121938118228962
576,2.196035030177862,1.454245588245268,-0.7417894419325943,1.21591306892375,-0.48534348312018194
462,2.167501252955179,1.9199029695734413,-0.247598283381738,0.84804587235639,-0.247598283381738
297,2.1498886538044597,1.3210703883174029,-0.8288182654870571,0.3979708715602219,-0.575345191060906
487,2.1089714681068306,1.337026704838137,-0.7719447632686943,0.3360383762171914,-0.5089453599401009
288,2.08602535387529,1.0165122140063971,-1.0695131398688933,0.5049329988895777,-0.5337482632177619
602,2.058698121624787,0.8803202146941689,-1.178377906930618,0.44016010734708444,-0.5801134825271577
531,2.0580936687912237,1.661248825853644,-0.39684484293757943,1.202814770314285,-0.39684484293757943
599,2.0421929488369686,0.9899813924632506,-1.0522115563737182,0.6153647883018789,-0.5066349994944339
218,2.0073363865586162,0.4107445137645699,-1.596591872794046,0.2245292330144131,-0.848004773215836
181,1.9946924874169691,0.40326872430472593,-1.591423763112243,0.2100873604150163,-0.9303501711103531
49,1.9903032957257134,0.0,-1.9903032957257134,0.0,-1.3785535863281937
694,1.9638268062957418,1.0860444977366526,-0.8777823085590891,0.6780962278821714,-0.25667445897502966
115,1.9561717932470917,0.862967942778673,-1.0932038504684185,0.4039337247220656,-1.0454898677308815
1,1.9474885771018118,1.1210080460962817,-0.8264805310055301,0.8888647673217859,-0.48540212994361626
313,1.926669236016772,1.926669236016772,0.0,1.190891395974603,0.0
289,1.9176395368874295,1.9176395368874295,0.0,1.8242069215074517,0.0
445,1.9134741116932512,1.6653283275958628,-0.24814578409738844,0.5678638053827227,-0.24814578409738844
71,1.905495742852668,0.06650916250010011,-1.8389865803525676,0.06650916250010011,-1.1964580917870764
744,1.8795854028836174,1.8795854028836174,0.0,1.0000726374469282,0.0
263,1.879222709008045,0.36503573154226115,-1.514186977465784,0.36503573154226115,-0.8480015135110515
96,1.8701500446751478,0.7995064520411094,-1.0706435926340385,0.5680589458036873,-0.8066614731699362
636,1.8625488772510763,1.5757779326726116,-0.28677094457846486,0.9312147932230208,-0.2769298959000069
347,1.8352395022426933,0.606324268806608,-1.2289152334360853,0.3952407848744099,-0.737102808754641
469,1.8297647555596972,0.5008191398192274,-1.3289456157404698,0.4854020409727147,-0.6132138691251006
692,1.825981983304548,0.6673904777891391,-1.158591505515409,0.6672773269596857,-0.3435441421245386
305,1.823673661191129,1.134840024025063,-0.6888336371660664,0.7087292614608578,-0.40275254449271414
326,1.8132613544749328,1.5385639679960428,-0.27469738647889,0.8986534720332391,-0.2628497033188782
649,1.803620656954543,0.005543841644014288,-1.7980768153105287,0.005543841644014288,-1.3785848439563417
135,1.7742638289609651,1.4639489762735918,-0.3103148526873732,0.45494116824987996,-0.26296451671885135
222,1.7693791346710717,0.8908536211287205,-0.878525513542351,0.8908536211287205,-0.5310861135049925
200,1.7521526931561693,0.9514569385420385,-0.8006957546141311,0.6157972603801583,-0.49554376659598437
276,1.7275637100110508,1.173609273043419,-0.5539544369676318,0.7500903582992988,-0.29094827270544116
268,1.7248696323792323,0.8087446951110686,-0.9161249372681638,0.4239317436853402,-0.8480103571788995
240,1.7234862780536861,0.7472049861709198,-0.9762812918827664,0.7468378403475946,-0.7132698326629304
86,1.7217056215585969,0.1906661556471528,-1.5310394659114441,0.1906661556471528,-0.5410184108156378
230,1.7020619337407992,1.3043820449539376,-0.39767988878686156,0.8481313481163728,-0.2629663695735806
485,1.694321291982695,0.22829568853956692,-1.4660256034431283,0.22829568853956692,-0.836816284508284
568,1.6294376503223749,0.7845686143265291,-0.8448690359958457,0.7845318560367902,-0.8448690359958457
660,1.6214728751065532,0.752267920885233,-0.8692049542213203,0.4407508940691007,-0.49626761844035516
476,1.585559280304852,0.0,-1.585559280304852,0.0,-0.69812458589979
713,1.5824687982448697,0.0,-1.5824687982448697,0.0,-0.6583479998942078
690,1.5806826963145355,0.0,-1.5806826963145355,0.0,-0.5663577847409149
750,1.5526297292195201,0.6719665241125231,-0.8806632051069966,0.6657063482861314,-0.8802263830198204
213,1.5386872949584744,1.2519420142308313,-0.2867452807276434,0.5975392965840713,-0.2867452807276434
296,1.5209971915213762,1.143038659466622,-0.37795853205475416,0.7445351880485057,-0.2629757152099418
544,1.49767501152674,1.1735753311173305,-0.3240996804094096,0.4879179124988926,-0.26298562003609377
124,1.4870241286707007,0.9782148761959447,-0.5088092524747556,0.7597487677511257,-0.5088092524747556
419,1.4801280900049956,0.9846341716481268,-0.4954939183568687,0.574325763066359,-0.24774695917843434
561,1.4521816281867066,1.1703181452940716,-0.2818634828926351,0.711163706560097,-0.2818634828926351
223,1.4360384259564898,0.38871533280816745,-1.0473230931483224,0.2275927690682753,-1.0466548485572318
651,1.4287713661613883,0.3982097778430917,-1.0305615883182966,0.3982097778430917,-0.5449182264258727
555,1.4204958797926122,0.43709115479218175,-0.9834047250004302,0.42024802016514023,-0.6779988587198817
43,1.4197353663637409,0.5601328480888692,-0.8596025182748717,0.5601328480888692,-0.8480087706599089
449,1.4115393256775643,0.45545784674412126,-0.956081478933443,0.262993967954803,-0.45952182217252263
614,1.4104372557566718,0.3988042909808759,-1.0116329647757962,0.23698060295192033,-0.48543490516659266
290,1.406281585156518,1.406281585156518,0.0,0.6898390417481689,0.0
641,1.405052065681014,0.4640206339982737,-0.9410314316827404,0.23848978573828514,-0.6780344654807922
324,1.391308881597551,0.26464886025036466,-1.1266600213471865,0.26464886025036466,-0.5359025332555635
220,1.3662649836450587,0.35518442849419896,-1.0110805551508595,0.2260111515090583,-0.5851522965605715
325,1.3642806515570087,1.2757200624992033,-0.08856058905780553,0.3979124738822283,-0.06454341762870233
287,1.3236886077242167,0.04077926970747056,-1.282909338016746,0.04077926970747056,-0.6683149113425607
269,1.318101067066421,0.0,-1.318101067066421,0.0,-1.0000736609768497
359,1.3061464188490302,0.5607600907307834,-0.7453863281182471,0.5607600907307834,-0.531771051818537
204,1.2620257662928587,0.8030706796585065,-0.45895508663435175,0.41375456208963596,-0.4236490354949742
219,1.2395057217941097,0.4095476074217495,-0.8299581143723601,0.4095476074217495,-0.5666220486338402
552,1.2011832403474072,0.5311207596836631,-0.6700624806637439,0.5301598389192788,-0.4070881323777241
350,1.1922325983400763,1.1417117445365412,-0.05052085380353505,0.39764221778428627,-0.05052085380353505
642,1.1518027258052204,0.0,-1.1518027258052204,0.0,-0.656351869617002
119,1.1342079094030504,0.5183216452397617,-0.6158862641632887,0.5178448736424128,-0.5684603269528898
459,1.0963617665020964,0.0,-1.0963617665020964,0.0,-0.5258340047780597
142,1.0409652283101427,0.514989615645727,-0.5259756126644158,0.21536557386432012,-0.2629878063322079
418,1.009591071027779,0.4665175163620707,-0.5430735546657078,0.3281720457467967,-0.5430735546657078
693,1.0055753928909896,0.2630166846930372,-0.7425587081979523,0.2630166846930372,-0.4747646466945885
143,0.9798504014875284,0.7100544135056026,-0.26979598798192583,0.4031616082723032,-0.26979598798192583
433,0.977293938503912,0.5260599863802571,-0.4512339521236549,0.26302999319012854,-0.24742181941469807
541,0.943398434326124,0.0,-0.943398434326124,0.0,-0.7512968672502371
503,0.9392421872348772,0.36428616064216063,-0.5749560265927165,0.23091796674879894,-0.5749560265927165
736,0.9361135181503436,0.35434051700226954,-0.5817730011480741,0.26302018702878716,-0.4750639007482775
689,0.9320290671674609,0.2901224126660286,-0.6419066545014324,0.2629478256735654,-0.6406079520980061
757,0.9204278422698593,0.2033233485050068,-0.7171044937648524,0.2033233485050068,-0.459631952328075
246,0.8971204473281975,0.46073144832437285,-0.43638899900382455,0.23517880393976398,-0.34978369678139204
171,0.8650605741559511,0.1364853988731552,-0.7285751752827959,0.1364853988731552,-0.2630605220739468
537,0.8635676576011324,0.4116338272243562,-0.45193383037677604,0.22703451895521784,-0.45103738615741956
608,0.8335336365288528,0.516796890196912,-0.3167367463319408,0.5167642804822905,-0.3167367463319408
316,0.8172458576460312,0.0,-0.8172458576460312,0.0,-0.2699986657736475
595,0.8169890034083561,0.5265743134398265,-0.29041468996852965,0.44403910539343705,-0.2630134215422266
633,0.7442896759847109,0.26124545451615583,-0.483044221468555,0.2356559146182417,-0.26304779244601884
548,0.7424389801124867,0.2368967743468975,-0.5055422057655892,0.22791475879774387,-0.2575120683724978
125,0.7370560904723567,0.0,-0.7370560904723567,0.0,-0.6325154318761066
128,0.6758981179847244,0.42724602017685714,-0.2486520978078673,0.21861142137640158,-0.1941415144938293
650,0.6702311037885605,0.5886718244808308,-0.08155927930772983,0.3520284918938355,-0.08155927930772983
564,0.5111355048388688,0.0,-0.5111355048388688,0.0,-0.26310537926870803
242,0.4862877822004027,0.4862877822004027,0.0,0.22800696046524807,0.0
745,0.427827052021887,0.427827052021887,0.0,0.42728495826326013,0.0
237,0.41301864789257114,0.37860845948282423,-0.03441018840974688,0.37801526455692513,-0.03441018840974688
